color,occurrences
#0F0E16,2437
#6F6E73,2253
#87868A,1987
#2777F3,1701
#45B644,1284
#E7E7E8,1032
#4B4A50,1030
#1B1464,694
#E9F1FE,676
#DE493B,444
#C6C4D8,396
#5D99F6,354
#E8E8F0,267
#9747FF,218
#696A6A,192
#B7B7B9,190
#3F8CF4,183
#F4F8FE,176
#CFCFD0,164
#F9685F,149
#27262D,146
#FCFCFE,110
#ECF8EC,107
#B8DAFF,92
#C9DDFC,86
#070519,84
#F9EB21,64
#FEFDFE,57
#93BBF9,54
#F6CDCA,43
#D0EDD0,41
#F7D64F,39
#72E770,39
#348833,35
#A62821,34
#FCEBEA,34
#FFFAB3,33
#E8E8EE,33
#F5F5F5,33
#1D59B6,31
#1B0B7A,28
#444444,24
#262626,24
#66686C,24
#343330,23
#222222,23
#BBB019,20
#D47115,18
#E8E8E8,16
#8D89B1,15
#F8F8F9,14
#6137C7,14
#3B18AA,14
#81B3FF,12
#73C873,11
#D4D6DC,11
#FEFDFF,11
#544F8B,9
#F5EA55,8
#27803B,8
#E9661C,8
#ECE9BC,7
"rgba(69, 182, 68, 0)",6
"rgba(69, 182, 68, 1)",6
#CACACA,5
#33FF4B,5
#133B79,4
#6F6F6F,4
#E56861,3
#EE9A95,3
#B4B3BA,3
#FFFDDA,3
#EAB88A,3
#0A1E3D,2
#112D11,2
#225B22,2
#A2DAA1,2
#370D0B,2
#6E1B16,2
#191703,2
#3E3B08,2
#7C7510,2
#0D0A32,2
#140F4B,2
#E95F15,2
#F4F4F4,2
#DBDBDB,2
#DDE1FB,2
"rgba(39, 119, 243, 0)",2
"rgba(39, 119, 243, 1)",2
#009844,2
#F9F9F9,1
#E63946,1
#EDEBEA,1
#DF954F,1
#FBF1E8,1
#F1F1F1,1
#2E60FF,1
